{"cameraMode":{"drawMode":0,"name":"Shaded","section":"Shading Mode"},"sceneLighting":true,"audioPlay":false,"sceneViewState":{"m_AlwaysRefresh":false,"showFog":true,"showSkybox":true,"showFlares":true,"showImageEffects":true,"showParticleSystems":true,"showVisualEffectGraphs":true,"m_FxEnabled":true},"in2DMode":false,"pivot":{"x":-0.015278846025466919,"y":0.1929427683353424,"z":-0.3006928563117981},"rotation":{"x":0.5717934966087341,"y":-0.1487579494714737,"z":-0.10635969787836075,"w":-0.7997664213180542},"size":0.35510846972465517,"orthographic":false}