{"cameraMode":{"drawMode":0,"name":"Shaded","section":"Shading Mode"},"sceneLighting":false,"audioPlay":false,"sceneViewState":{"m_AlwaysRefresh":false,"showFog":true,"showSkybox":false,"showFlares":true,"showImageEffects":true,"showParticleSystems":true,"showVisualEffectGraphs":true,"m_FxEnabled":true},"in2DMode":false,"pivot":{"x":-0.8643742799758911,"y":-0.17221659421920777,"z":-1.8115376234054566},"rotation":{"x":-0.001797533594071865,"y":-0.11614138633012772,"z":0.00020808390399906784,"w":-0.9932407140731812},"size":1.0865302085876465,"orthographic":false}